query,volume
диван для сна с независимым пружинным блоком,49
диван-кровать с ортопедическим матрасом для ежедневного использования,585
диваны в москве купить недорого с доставкой,1434
угловой диван на кухню со спальным местом,1378
диван для сна на каждый день,1835
диван для сна с ортопедическим матрасом,1165
диваны с доставкой в день заказа,13
диваны с доставкой по всей россии,4
купить диван в москве от производителя,3298
кухонный диван угловой со спальным местом,813
в москве диван для сна,179
диван в москве от производителя,3520
диван для сна в москве,179
диван для сна с доставкой,18
диван с доставкой и сборкой,154
диван с доставкой на дом,1188
диван с доставкой по россии,323
диван-кровать трансформер с ортопедическим матрасом,77
диваны в москве от производителя,3520
диваны с доставкой по россии,323
купить в москве диван кровать,3679
купить в москве диван недорого,8106
купить диван в москве раскладной,1350
кухонный диван прямой с ящиком,225
кухонный диван со спальным местом,2426
с доставкой диван для сна,18
акция диван для сна,4
акция диваны со скидкой,22
в москве кухонный диван,107
в москве угловой диван,2461
диван в москве недорого,9230
диван для сна акция,4
диван для сна купить,2675
диван для сна недорого,172
диван для сна ортопедический,4128
диван для сна распродажа,18
диван для сна цена,104
диван кровать в москве,4018
диван недорого купить москва,
диван распродажа выставочных образцов,156
диван с доставкой купить,11057
диван с доставкой москва,2582
диван с доставкой сегодня,77
диван-кровать с ортопедическим матрасом,1929
диваны недорого московская область,408
купить в москве диван,26075
купить диван в москве,26075
купить диван для сна,2675
кухонный диван в москве,107
кухонный диван с доставкой,15
недорого диван для сна,172
распродажа диван для сна,18
с доставкой кухонный диван,15
с доставкой угловой диван,764
угловой диван в гостиную,5758
угловой диван в москве,2461
угловой диван на кухню,6731
угловой диван с доставкой,764
цена диван для сна,104
цена диван кровать трансформер,601
цена диваны угловые раскладные,216
акция кухонный диван,2
акция угловой диван,74
в москве диван,36724
в москве диван-кровать,4018
диван в москве,36724
диван для сна,15126
диван кровать акция,127
диван купить москва,29277
диван недорого купить,55970
диван недорого москва,10217
диван распродажа москва,3191
диван с доставкой,13199
диван угловой акция,74
диван цена качество,223
диван-кровать в москве,4018
диван-кровать с доставкой,1001
диваны в москве,36724
диваны недорого москва,10217
купить диван акция,397
купить диван кровать,38816
купить кухонный диван,2916
купить угловой диван,41374
кухонный диван акция,2
кухонный диван купить,2916
кухонный диван недорого,179
кухонный диван раскладной,857
кухонный диван распродажа,5
кухонный диван угловой,4946
кухонный диван цена,158
кухонный диванчик прямой,121
недорого кухонный диван,179
недорого угловой диван,4185
распродажа диван кровать,642
распродажа диванов москва,3191
распродажа кухонный диван,5
распродажа угловой диван,574
с доставкой диван,13199
с доставкой диван-кровать,1001
угловой диван акция,74
угловой диван кровать,8742
угловой диван купить,41374
угловой диван недорого,4185
угловой диван раскладной,8237
угловой диван распродажа,574
угловой диван цена,4360
